{
	"id": "694198ad393b68f0e9d2e6030eaab702",
	"_format": "hh-sol-build-info-1",
	"solcVersion": "0.8.24",
	"solcLongVersion": "0.8.24+commit.e11b9ed9",
	"input": {
		"language": "Solidity",
		"sources": {
			"Demo3/structdeclaration.sol": {
				"content": "// SPDX-License-Identifier: MIT\r\npragma solidity ^0.8.0;\r\n\r\n//this is saved 'structDeclaration.sol\r\n\r\nstruct Todo {\r\n    string text;\r\n    bool completed;\r\n}\r\n    "
			}
		},
		"settings": {
			"optimizer": {
				"enabled": false,
				"runs": 200
			},
			"outputSelection": {
				"*": {
					"": [
						"ast"
					],
					"*": [
						"abi",
						"metadata",
						"devdoc",
						"userdoc",
						"storageLayout",
						"evm.legacyAssembly",
						"evm.bytecode",
						"evm.deployedBytecode",
						"evm.methodIdentifiers",
						"evm.gasEstimates",
						"evm.assembly"
					]
				}
			},
			"remappings": []
		}
	},
	"output": {
		"sources": {
			"Demo3/structdeclaration.sol": {
				"ast": {
					"absolutePath": "Demo3/structdeclaration.sol",
					"exportedSymbols": {
						"Todo": [
							6
						]
					},
					"id": 7,
					"license": "MIT",
					"nodeType": "SourceUnit",
					"nodes": [
						{
							"id": 1,
							"literals": [
								"solidity",
								"^",
								"0.8",
								".0"
							],
							"nodeType": "PragmaDirective",
							"src": "33:23:0"
						},
						{
							"canonicalName": "Todo",
							"id": 6,
							"members": [
								{
									"constant": false,
									"id": 3,
									"mutability": "mutable",
									"name": "text",
									"nameLocation": "128:4:0",
									"nodeType": "VariableDeclaration",
									"scope": 6,
									"src": "121:11:0",
									"stateVariable": false,
									"storageLocation": "default",
									"typeDescriptions": {
										"typeIdentifier": "t_string_storage_ptr",
										"typeString": "string"
									},
									"typeName": {
										"id": 2,
										"name": "string",
										"nodeType": "ElementaryTypeName",
										"src": "121:6:0",
										"typeDescriptions": {
											"typeIdentifier": "t_string_storage_ptr",
											"typeString": "string"
										}
									},
									"visibility": "internal"
								},
								{
									"constant": false,
									"id": 5,
									"mutability": "mutable",
									"name": "completed",
									"nameLocation": "144:9:0",
									"nodeType": "VariableDeclaration",
									"scope": 6,
									"src": "139:14:0",
									"stateVariable": false,
									"storageLocation": "default",
									"typeDescriptions": {
										"typeIdentifier": "t_bool",
										"typeString": "bool"
									},
									"typeName": {
										"id": 4,
										"name": "bool",
										"nodeType": "ElementaryTypeName",
										"src": "139:4:0",
										"typeDescriptions": {
											"typeIdentifier": "t_bool",
											"typeString": "bool"
										}
									},
									"visibility": "internal"
								}
							],
							"name": "Todo",
							"nameLocation": "109:4:0",
							"nodeType": "StructDefinition",
							"scope": 7,
							"src": "102:55:0",
							"visibility": "public"
						}
					],
					"src": "33:130:0"
				},
				"id": 0
			}
		}
	}
}